{
  "creator": "Yosys 0.33+6 (git sha1 41b34a193, x86_64-conda-linux-gnu-cc 11.2.0 -fvisibility-inlines-hidden -fmessage-length=0 -march=nocona -mtune=haswell -ftree-vectorize -fPIC -fstack-protector-strong -fno-plt -O2 -ffunction-sections -fdebug-prefix-map=/root/conda-eda/conda-eda/workdir/conda-env/conda-bld/yosys_1694128612374/work=/usr/local/src/conda/yosys-0.33_7_g41b34a193 -fdebug-prefix-map=/home/samuelcruz/miniconda3/envs/digital=/usr/local/src/conda-prefix -fPIC -Os -fno-merge-constants)",
  "modules": {
    "Comparador": {
      "attributes": {
        "src": "Comparador.v:1.1-22.10"
      },
      "ports": {
        "clk_in": {
          "direction": "input",
          "bits": [ 2 ]
        },
        "pulsador": {
          "direction": "input",
          "bits": [ 3 ]
        },
        "pwm": {
          "direction": "output",
          "bits": [ 4 ]
        }
      },
      "cells": {
        "$gt$Comparador.v:16$2": {
          "hide_name": 1,
          "type": "$gt",
          "parameters": {
            "A_SIGNED": "00000000000000000000000000000000",
            "A_WIDTH": "00000000000000000000000000011000",
            "B_SIGNED": "00000000000000000000000000000000",
            "B_WIDTH": "00000000000000000000000000011000",
            "Y_WIDTH": "00000000000000000000000000000001"
          },
          "attributes": {
            "src": "Comparador.v:16.6-16.21"
          },
          "port_directions": {
            "A": "input",
            "B": "input",
            "Y": "output"
          },
          "connections": {
            "A": [ 5, 6, 7, 8, 9, 10, 11, 12, 13, 14, 15, 16, 17, 18, 19, 20, 21, 22, 23, 24, 25, 26, 27, 28 ],
            "B": [ 29, 30, 31, 32, 33, 34, 35, 36, 37, 38, 39, 40, 41, 42, 43, 44, 45, 46, 47, 48, 49, 50, 51, 52 ],
            "Y": [ 53 ]
          }
        },
        "$not$Comparador.v:18$3": {
          "hide_name": 1,
          "type": "$not",
          "parameters": {
            "A_SIGNED": "00000000000000000000000000000000",
            "A_WIDTH": "00000000000000000000000000000001",
            "Y_WIDTH": "00000000000000000000000000000001"
          },
          "attributes": {
            "src": "Comparador.v:18.12-18.16"
          },
          "port_directions": {
            "A": "input",
            "Y": "output"
          },
          "connections": {
            "A": [ 4 ],
            "Y": [ 54 ]
          }
        },
        "$procdff$22": {
          "hide_name": 1,
          "type": "$dff",
          "parameters": {
            "CLK_POLARITY": "1",
            "WIDTH": "00000000000000000000000000000001"
          },
          "attributes": {
            "src": "Comparador.v:14.1-20.4"
          },
          "port_directions": {
            "CLK": "input",
            "D": "input",
            "Q": "output"
          },
          "connections": {
            "CLK": [ 2 ],
            "D": [ 55 ],
            "Q": [ 4 ]
          }
        },
        "$procmux$18": {
          "hide_name": 1,
          "type": "$mux",
          "parameters": {
            "WIDTH": "00000000000000000000000000000001"
          },
          "attributes": {
            "src": "Comparador.v:16.6-16.21|Comparador.v:16.3-19.6"
          },
          "port_directions": {
            "A": "input",
            "B": "input",
            "S": "input",
            "Y": "output"
          },
          "connections": {
            "A": [ 4 ],
            "B": [ 54 ],
            "S": [ 53 ],
            "Y": [ 55 ]
          }
        },
        "counter": {
          "hide_name": 0,
          "type": "Contador",
          "parameters": {
          },
          "attributes": {
            "module_not_derived": "00000000000000000000000000000001",
            "src": "Comparador.v:11.12-11.37"
          },
          "port_directions": {
            "clk_in": "input",
            "count": "output"
          },
          "connections": {
            "clk_in": [ 2 ],
            "count": [ 5, 6, 7, 8, 9, 10, 11, 12, 13, 14, 15, 16, 17, 18, 19, 20, 21, 22, 23, 24, 25, 26, 27, 28 ]
          }
        },
        "trigger": {
          "hide_name": 0,
          "type": "Duty2",
          "parameters": {
          },
          "attributes": {
            "module_not_derived": "00000000000000000000000000000001",
            "src": "Comparador.v:12.9-12.40"
          },
          "port_directions": {
            "clk_in": "input",
            "duty": "output",
            "pulsador": "input"
          },
          "connections": {
            "clk_in": [ 2 ],
            "duty": [ 29, 30, 31, 32, 33, 34, 35, 36, 37, 38, 39, 40, 41, 42, 43, 44, 45, 46, 47, 48, 49, 50, 51, 52 ],
            "pulsador": [ 3 ]
          }
        }
      },
      "netnames": {
        "$0\\pwm[0:0]": {
          "hide_name": 1,
          "bits": [ 55 ],
          "attributes": {
            "src": "Comparador.v:14.1-20.4"
          }
        },
        "$gt$Comparador.v:16$2_Y": {
          "hide_name": 1,
          "bits": [ 53 ],
          "attributes": {
            "src": "Comparador.v:16.6-16.21"
          }
        },
        "$not$Comparador.v:18$3_Y": {
          "hide_name": 1,
          "bits": [ 54 ],
          "attributes": {
            "src": "Comparador.v:18.12-18.16"
          }
        },
        "clk_in": {
          "hide_name": 0,
          "bits": [ 2 ],
          "attributes": {
            "src": "Comparador.v:3.9-3.15"
          }
        },
        "contador": {
          "hide_name": 0,
          "bits": [ 5, 6, 7, 8, 9, 10, 11, 12, 13, 14, 15, 16, 17, 18, 19, 20, 21, 22, 23, 24, 25, 26, 27, 28 ],
          "attributes": {
            "src": "Comparador.v:8.15-8.23"
          }
        },
        "duty": {
          "hide_name": 0,
          "bits": [ 29, 30, 31, 32, 33, 34, 35, 36, 37, 38, 39, 40, 41, 42, 43, 44, 45, 46, 47, 48, 49, 50, 51, 52 ],
          "attributes": {
            "src": "Comparador.v:9.15-9.19"
          }
        },
        "pulsador": {
          "hide_name": 0,
          "bits": [ 3 ],
          "attributes": {
            "src": "Comparador.v:4.9-4.17"
          }
        },
        "pwm": {
          "hide_name": 0,
          "bits": [ 4 ],
          "attributes": {
            "init": "1",
            "src": "Comparador.v:5.14-5.17"
          }
        }
      }
    },
    "Contador": {
      "attributes": {
        "src": "Contador.v:1.1-30.10"
      },
      "parameter_default_values": {
        "LIMIT": "100110001001011010000000"
      },
      "ports": {
        "clk_in": {
          "direction": "input",
          "bits": [ 2 ]
        },
        "count": {
          "direction": "output",
          "bits": [ 3, 4, 5, 6, 7, 8, 9, 10, 11, 12, 13, 14, 15, 16, 17, 18, 19, 20, 21, 22, 23, 24, 25, 26 ]
        }
      },
      "cells": {
        "$add$Contador.v:26$10": {
          "hide_name": 1,
          "type": "$add",
          "parameters": {
            "A_SIGNED": "00000000000000000000000000000000",
            "A_WIDTH": "00000000000000000000000000011000",
            "B_SIGNED": "00000000000000000000000000000000",
            "B_WIDTH": "00000000000000000000000000000001",
            "Y_WIDTH": "00000000000000000000000000011000"
          },
          "attributes": {
            "src": "Contador.v:26.14-26.27"
          },
          "port_directions": {
            "A": "input",
            "B": "input",
            "Y": "output"
          },
          "connections": {
            "A": [ 3, 4, 5, 6, 7, 8, 9, 10, 11, 12, 13, 14, 15, 16, 17, 18, 19, 20, 21, 22, 23, 24, 25, 26 ],
            "B": [ "1" ],
            "Y": [ 27, 28, 29, 30, 31, 32, 33, 34, 35, 36, 37, 38, 39, 40, 41, 42, 43, 44, 45, 46, 47, 48, 49, 50 ]
          }
        },
        "$eq$Contador.v:20$9": {
          "hide_name": 1,
          "type": "$eq",
          "parameters": {
            "A_SIGNED": "00000000000000000000000000000000",
            "A_WIDTH": "00000000000000000000000000011000",
            "B_SIGNED": "00000000000000000000000000000000",
            "B_WIDTH": "00000000000000000000000000011000",
            "Y_WIDTH": "00000000000000000000000000000001"
          },
          "attributes": {
            "src": "Contador.v:20.6-20.20"
          },
          "port_directions": {
            "A": "input",
            "B": "input",
            "Y": "output"
          },
          "connections": {
            "A": [ 3, 4, 5, 6, 7, 8, 9, 10, 11, 12, 13, 14, 15, 16, 17, 18, 19, 20, 21, 22, 23, 24, 25, 26 ],
            "B": [ "0", "0", "0", "0", "0", "0", "0", "1", "0", "1", "1", "0", "1", "0", "0", "1", "0", "0", "0", "1", "1", "0", "0", "1" ],
            "Y": [ 51 ]
          }
        },
        "$procdff$20": {
          "hide_name": 1,
          "type": "$dff",
          "parameters": {
            "CLK_POLARITY": "1",
            "WIDTH": "00000000000000000000000000011000"
          },
          "attributes": {
            "src": "Contador.v:18.1-28.4"
          },
          "port_directions": {
            "CLK": "input",
            "D": "input",
            "Q": "output"
          },
          "connections": {
            "CLK": [ 2 ],
            "D": [ 52, 53, 54, 55, 56, 57, 58, 59, 60, 61, 62, 63, 64, 65, 66, 67, 68, 69, 70, 71, 72, 73, 74, 75 ],
            "Q": [ 3, 4, 5, 6, 7, 8, 9, 10, 11, 12, 13, 14, 15, 16, 17, 18, 19, 20, 21, 22, 23, 24, 25, 26 ]
          }
        },
        "$procmux$13": {
          "hide_name": 1,
          "type": "$mux",
          "parameters": {
            "WIDTH": "00000000000000000000000000011000"
          },
          "attributes": {
            "full_case": "00000000000000000000000000000001",
            "src": "Contador.v:20.6-20.20|Contador.v:20.3-27.6"
          },
          "port_directions": {
            "A": "input",
            "B": "input",
            "S": "input",
            "Y": "output"
          },
          "connections": {
            "A": [ 27, 28, 29, 30, 31, 32, 33, 34, 35, 36, 37, 38, 39, 40, 41, 42, 43, 44, 45, 46, 47, 48, 49, 50 ],
            "B": [ "0", "0", "0", "0", "0", "0", "0", "0", "0", "0", "0", "0", "0", "0", "0", "0", "0", "0", "0", "0", "0", "0", "0", "0" ],
            "S": [ 51 ],
            "Y": [ 52, 53, 54, 55, 56, 57, 58, 59, 60, 61, 62, 63, 64, 65, 66, 67, 68, 69, 70, 71, 72, 73, 74, 75 ]
          }
        }
      },
      "netnames": {
        "$0\\count[23:0]": {
          "hide_name": 1,
          "bits": [ 52, 53, 54, 55, 56, 57, 58, 59, 60, 61, 62, 63, 64, 65, 66, 67, 68, 69, 70, 71, 72, 73, 74, 75 ],
          "attributes": {
            "src": "Contador.v:18.1-28.4"
          }
        },
        "$add$Contador.v:26$10_Y": {
          "hide_name": 1,
          "bits": [ 27, 28, 29, 30, 31, 32, 33, 34, 35, 36, 37, 38, 39, 40, 41, 42, 43, 44, 45, 46, 47, 48, 49, 50 ],
          "attributes": {
            "src": "Contador.v:26.14-26.27"
          }
        },
        "$eq$Contador.v:20$9_Y": {
          "hide_name": 1,
          "bits": [ 51 ],
          "attributes": {
            "src": "Contador.v:20.6-20.20"
          }
        },
        "clk_in": {
          "hide_name": 0,
          "bits": [ 2 ],
          "attributes": {
            "src": "Contador.v:3.9-3.15"
          }
        },
        "count": {
          "hide_name": 0,
          "bits": [ 3, 4, 5, 6, 7, 8, 9, 10, 11, 12, 13, 14, 15, 16, 17, 18, 19, 20, 21, 22, 23, 24, 25, 26 ],
          "attributes": {
            "init": "000000000000000000000000",
            "src": "Contador.v:4.21-4.26"
          }
        }
      }
    },
    "Duty2": {
      "attributes": {
        "src": "Duty2.v:1.1-20.10"
      },
      "parameter_default_values": {
        "max": "000000011101010011010100",
        "min": "000000000110000110101000"
      },
      "ports": {
        "pulsador": {
          "direction": "input",
          "bits": [ 2 ]
        },
        "clk_in": {
          "direction": "input",
          "bits": [ 3 ]
        },
        "duty": {
          "direction": "output",
          "bits": [ 4, 5, 6, 7, 8, 9, 10, 11, 12, 13, 14, 15, 16, 17, 18, 19, 20, "0", "0", "0", "0", "0", "0", "0" ]
        }
      },
      "cells": {
        "$procdff$21": {
          "hide_name": 1,
          "type": "$dff",
          "parameters": {
            "CLK_POLARITY": "1",
            "WIDTH": "00000000000000000000000000010001"
          },
          "attributes": {
            "src": "Duty2.v:8.1-18.4"
          },
          "port_directions": {
            "CLK": "input",
            "D": "input",
            "Q": "output"
          },
          "connections": {
            "CLK": [ 3 ],
            "D": [ 21, 22, 23, 24, 25, 26, 27, 28, 29, 30, 31, 32, 33, 34, 35, 36, 37 ],
            "Q": [ 4, 5, 6, 7, 8, 9, 10, 11, 12, 13, 14, 15, 16, 17, 18, 19, 20 ]
          }
        },
        "$procmux$16": {
          "hide_name": 1,
          "type": "$mux",
          "parameters": {
            "WIDTH": "00000000000000000000000000010001"
          },
          "attributes": {
            "full_case": "00000000000000000000000000000001",
            "src": "Duty2.v:10.4-10.20|Duty2.v:10.1-17.4"
          },
          "port_directions": {
            "A": "input",
            "B": "input",
            "S": "input",
            "Y": "output"
          },
          "connections": {
            "A": [ "0", "0", "0", "1", "0", "1", "0", "1", "1", "0", "0", "0", "0", "1", "1", "0", "0" ],
            "B": [ "0", "0", "1", "0", "1", "0", "1", "1", "0", "0", "1", "0", "1", "0", "1", "1", "1" ],
            "S": [ 2 ],
            "Y": [ 21, 22, 23, 24, 25, 26, 27, 28, 29, 30, 31, 32, 33, 34, 35, 36, 37 ]
          }
        }
      },
      "netnames": {
        "$0\\duty[23:0]": {
          "hide_name": 1,
          "bits": [ 21, 22, 23, 24, 25, 26, 27, 28, 29, 30, 31, 32, 33, 34, 35, 36, 37 ],
          "attributes": {
          }
        },
        "clk_in": {
          "hide_name": 0,
          "bits": [ 3 ],
          "attributes": {
            "src": "Duty2.v:2.23-2.29"
          }
        },
        "duty": {
          "hide_name": 0,
          "bits": [ 4, 5, 6, 7, 8, 9, 10, 11, 12, 13, 14, 15, 16, 17, 18, 19, 20, "0", "0", "0", "0", "0", "0", "0" ],
          "attributes": {
            "init": "xxxxxxx00000000000000000",
            "src": "Duty2.v:3.19-3.23"
          }
        },
        "pulsador": {
          "hide_name": 0,
          "bits": [ 2 ],
          "attributes": {
            "src": "Duty2.v:2.7-2.15"
          }
        }
      }
    },
    "top": {
      "attributes": {
        "top": "00000000000000000000000000000001",
        "src": "top.v:15.1-26.10"
      },
      "ports": {
        "clk": {
          "direction": "input",
          "bits": [ 2 ]
        },
        "button": {
          "direction": "input",
          "bits": [ 3 ]
        },
        "PWM": {
          "direction": "output",
          "bits": [ 4 ]
        }
      },
      "cells": {
        "div": {
          "hide_name": 0,
          "type": "Comparador",
          "parameters": {
          },
          "attributes": {
            "module_not_derived": "00000000000000000000000000000001",
            "src": "top.v:23.14-24.45"
          },
          "port_directions": {
            "clk_in": "input",
            "pulsador": "input",
            "pwm": "output"
          },
          "connections": {
            "clk_in": [ 2 ],
            "pulsador": [ 3 ],
            "pwm": [ 4 ]
          }
        }
      },
      "netnames": {
        "PWM": {
          "hide_name": 0,
          "bits": [ 4 ],
          "attributes": {
            "src": "top.v:20.8-20.11"
          }
        },
        "button": {
          "hide_name": 0,
          "bits": [ 3 ],
          "attributes": {
            "src": "top.v:19.7-19.13"
          }
        },
        "clk": {
          "hide_name": 0,
          "bits": [ 2 ],
          "attributes": {
            "src": "top.v:18.7-18.10"
          }
        }
      }
    }
  }
}
