{
  "creator": "Yosys 0.33+6 (git sha1 41b34a193, x86_64-conda-linux-gnu-cc 11.2.0 -fvisibility-inlines-hidden -fmessage-length=0 -march=nocona -mtune=haswell -ftree-vectorize -fPIC -fstack-protector-strong -fno-plt -O2 -ffunction-sections -fdebug-prefix-map=/root/conda-eda/conda-eda/workdir/conda-env/conda-bld/yosys_1694128612374/work=/usr/local/src/conda/yosys-0.33_7_g41b34a193 -fdebug-prefix-map=/home/alejandro/miniconda3/envs/digital=/usr/local/src/conda-prefix -fPIC -Os -fno-merge-constants)",
  "modules": {
    "\\4_bit_adder": {
      "attributes": {
        "top": "00000000000000000000000000000001",
        "src": "./4_bit_adder.v:1.1-25.10"
      },
      "ports": {
        "A0": {
          "direction": "input",
          "bits": [ 2 ]
        },
        "B0": {
          "direction": "input",
          "bits": [ 3 ]
        },
        "A1": {
          "direction": "input",
          "bits": [ 4 ]
        },
        "B1": {
          "direction": "input",
          "bits": [ 5 ]
        },
        "A2": {
          "direction": "input",
          "bits": [ 6 ]
        },
        "B2": {
          "direction": "input",
          "bits": [ 7 ]
        },
        "A3": {
          "direction": "input",
          "bits": [ 8 ]
        },
        "B3": {
          "direction": "input",
          "bits": [ 9 ]
        },
        "Cin": {
          "direction": "input",
          "bits": [ 10 ]
        },
        "C0": {
          "direction": "output",
          "bits": [ 11 ]
        },
        "C1": {
          "direction": "output",
          "bits": [ 12 ]
        },
        "C2": {
          "direction": "output",
          "bits": [ 13 ]
        },
        "C3": {
          "direction": "output",
          "bits": [ 14 ]
        },
        "COut": {
          "direction": "output",
          "bits": [ 15 ]
        }
      },
      "cells": {
        "Sumador_0": {
          "hide_name": 0,
          "type": "Sumador",
          "parameters": {
          },
          "attributes": {
            "module_not_derived": "00000000000000000000000000000001",
            "src": "./4_bit_adder.v:21.11-21.38"
          },
          "port_directions": {
            "A": "input",
            "B": "input",
            "CIn": "input",
            "COut": "output",
            "Sum": "output"
          },
          "connections": {
            "A": [ 2 ],
            "B": [ 3 ],
            "CIn": [ 10 ],
            "COut": [ 16 ],
            "Sum": [ 11 ]
          }
        },
        "Sumador_1": {
          "hide_name": 0,
          "type": "Sumador",
          "parameters": {
          },
          "attributes": {
            "module_not_derived": "00000000000000000000000000000001",
            "src": "./4_bit_adder.v:22.11-22.37"
          },
          "port_directions": {
            "A": "input",
            "B": "input",
            "CIn": "input",
            "COut": "output",
            "Sum": "output"
          },
          "connections": {
            "A": [ 4 ],
            "B": [ 5 ],
            "CIn": [ 16 ],
            "COut": [ 17 ],
            "Sum": [ 12 ]
          }
        },
        "Sumador_2": {
          "hide_name": 0,
          "type": "Sumador",
          "parameters": {
          },
          "attributes": {
            "module_not_derived": "00000000000000000000000000000001",
            "src": "./4_bit_adder.v:23.11-23.37"
          },
          "port_directions": {
            "A": "input",
            "B": "input",
            "CIn": "input",
            "COut": "output",
            "Sum": "output"
          },
          "connections": {
            "A": [ 6 ],
            "B": [ 7 ],
            "CIn": [ 17 ],
            "COut": [ 18 ],
            "Sum": [ 13 ]
          }
        },
        "Sumador_3": {
          "hide_name": 0,
          "type": "Sumador",
          "parameters": {
          },
          "attributes": {
            "module_not_derived": "00000000000000000000000000000001",
            "src": "./4_bit_adder.v:24.11-24.39"
          },
          "port_directions": {
            "A": "input",
            "B": "input",
            "CIn": "input",
            "COut": "output",
            "Sum": "output"
          },
          "connections": {
            "A": [ 8 ],
            "B": [ 9 ],
            "CIn": [ 18 ],
            "COut": [ 15 ],
            "Sum": [ 14 ]
          }
        }
      },
      "netnames": {
        "A0": {
          "hide_name": 0,
          "bits": [ 2 ],
          "attributes": {
            "src": "./4_bit_adder.v:2.9-2.11"
          }
        },
        "A1": {
          "hide_name": 0,
          "bits": [ 4 ],
          "attributes": {
            "src": "./4_bit_adder.v:4.9-4.11"
          }
        },
        "A2": {
          "hide_name": 0,
          "bits": [ 6 ],
          "attributes": {
            "src": "./4_bit_adder.v:6.9-6.11"
          }
        },
        "A3": {
          "hide_name": 0,
          "bits": [ 8 ],
          "attributes": {
            "src": "./4_bit_adder.v:8.9-8.11"
          }
        },
        "B0": {
          "hide_name": 0,
          "bits": [ 3 ],
          "attributes": {
            "src": "./4_bit_adder.v:3.9-3.11"
          }
        },
        "B1": {
          "hide_name": 0,
          "bits": [ 5 ],
          "attributes": {
            "src": "./4_bit_adder.v:5.9-5.11"
          }
        },
        "B2": {
          "hide_name": 0,
          "bits": [ 7 ],
          "attributes": {
            "src": "./4_bit_adder.v:7.9-7.11"
          }
        },
        "B3": {
          "hide_name": 0,
          "bits": [ 9 ],
          "attributes": {
            "src": "./4_bit_adder.v:9.9-9.11"
          }
        },
        "C0": {
          "hide_name": 0,
          "bits": [ 11 ],
          "attributes": {
            "src": "./4_bit_adder.v:11.10-11.12"
          }
        },
        "C1": {
          "hide_name": 0,
          "bits": [ 12 ],
          "attributes": {
            "src": "./4_bit_adder.v:12.10-12.12"
          }
        },
        "C2": {
          "hide_name": 0,
          "bits": [ 13 ],
          "attributes": {
            "src": "./4_bit_adder.v:13.10-13.12"
          }
        },
        "C3": {
          "hide_name": 0,
          "bits": [ 14 ],
          "attributes": {
            "src": "./4_bit_adder.v:14.10-14.12"
          }
        },
        "COut": {
          "hide_name": 0,
          "bits": [ 15 ],
          "attributes": {
            "src": "./4_bit_adder.v:15.10-15.14"
          }
        },
        "Cin": {
          "hide_name": 0,
          "bits": [ 10 ],
          "attributes": {
            "src": "./4_bit_adder.v:10.9-10.12"
          }
        },
        "s0": {
          "hide_name": 0,
          "bits": [ 16 ],
          "attributes": {
            "src": "./4_bit_adder.v:17.8-17.10"
          }
        },
        "s1": {
          "hide_name": 0,
          "bits": [ 17 ],
          "attributes": {
            "src": "./4_bit_adder.v:18.8-18.10"
          }
        },
        "s2": {
          "hide_name": 0,
          "bits": [ 18 ],
          "attributes": {
            "src": "./4_bit_adder.v:19.8-19.10"
          }
        }
      }
    },
    "Semisumador": {
      "attributes": {
        "src": "./Semisumador.v:1.1-9.10"
      },
      "ports": {
        "A": {
          "direction": "input",
          "bits": [ 2 ]
        },
        "B": {
          "direction": "input",
          "bits": [ 3 ]
        },
        "Y": {
          "direction": "output",
          "bits": [ 4 ]
        },
        "X": {
          "direction": "output",
          "bits": [ 5 ]
        }
      },
      "cells": {
        "$and$./Semisumador.v:8$7": {
          "hide_name": 1,
          "type": "$and",
          "parameters": {
            "A_SIGNED": "00000000000000000000000000000000",
            "A_WIDTH": "00000000000000000000000000000001",
            "B_SIGNED": "00000000000000000000000000000000",
            "B_WIDTH": "00000000000000000000000000000001",
            "Y_WIDTH": "00000000000000000000000000000001"
          },
          "attributes": {
            "src": "./Semisumador.v:8.15-8.20"
          },
          "port_directions": {
            "A": "input",
            "B": "input",
            "Y": "output"
          },
          "connections": {
            "A": [ 2 ],
            "B": [ 3 ],
            "Y": [ 5 ]
          }
        },
        "$xor$./Semisumador.v:7$6": {
          "hide_name": 1,
          "type": "$xor",
          "parameters": {
            "A_SIGNED": "00000000000000000000000000000000",
            "A_WIDTH": "00000000000000000000000000000001",
            "B_SIGNED": "00000000000000000000000000000000",
            "B_WIDTH": "00000000000000000000000000000001",
            "Y_WIDTH": "00000000000000000000000000000001"
          },
          "attributes": {
            "src": "./Semisumador.v:7.15-7.20"
          },
          "port_directions": {
            "A": "input",
            "B": "input",
            "Y": "output"
          },
          "connections": {
            "A": [ 3 ],
            "B": [ 2 ],
            "Y": [ 4 ]
          }
        }
      },
      "netnames": {
        "A": {
          "hide_name": 0,
          "bits": [ 2 ],
          "attributes": {
            "src": "./Semisumador.v:2.9-2.10"
          }
        },
        "B": {
          "hide_name": 0,
          "bits": [ 3 ],
          "attributes": {
            "src": "./Semisumador.v:3.9-3.10"
          }
        },
        "X": {
          "hide_name": 0,
          "bits": [ 5 ],
          "attributes": {
            "src": "./Semisumador.v:5.10-5.11"
          }
        },
        "Y": {
          "hide_name": 0,
          "bits": [ 4 ],
          "attributes": {
            "src": "./Semisumador.v:4.10-4.11"
          }
        }
      }
    },
    "Sumador": {
      "attributes": {
        "src": "./Sumador.v:1.1-14.10"
      },
      "ports": {
        "A": {
          "direction": "input",
          "bits": [ 2 ]
        },
        "B": {
          "direction": "input",
          "bits": [ 3 ]
        },
        "CIn": {
          "direction": "input",
          "bits": [ 4 ]
        },
        "COut": {
          "direction": "output",
          "bits": [ 5 ]
        },
        "Sum": {
          "direction": "output",
          "bits": [ 6 ]
        }
      },
      "cells": {
        "$or$./Sumador.v:13$8": {
          "hide_name": 1,
          "type": "$or",
          "parameters": {
            "A_SIGNED": "00000000000000000000000000000000",
            "A_WIDTH": "00000000000000000000000000000001",
            "B_SIGNED": "00000000000000000000000000000000",
            "B_WIDTH": "00000000000000000000000000000001",
            "Y_WIDTH": "00000000000000000000000000000001"
          },
          "attributes": {
            "src": "./Sumador.v:13.18-13.25"
          },
          "port_directions": {
            "A": "input",
            "B": "input",
            "Y": "output"
          },
          "connections": {
            "A": [ 7 ],
            "B": [ 8 ],
            "Y": [ 5 ]
          }
        },
        "Semisumador_0": {
          "hide_name": 0,
          "type": "Semisumador",
          "parameters": {
          },
          "attributes": {
            "module_not_derived": "00000000000000000000000000000001",
            "src": "./Sumador.v:11.15-11.40"
          },
          "port_directions": {
            "A": "input",
            "B": "input",
            "X": "output",
            "Y": "output"
          },
          "connections": {
            "A": [ 2 ],
            "B": [ 3 ],
            "X": [ 8 ],
            "Y": [ 9 ]
          }
        },
        "Semisumador_1": {
          "hide_name": 0,
          "type": "Semisumador",
          "parameters": {
          },
          "attributes": {
            "module_not_derived": "00000000000000000000000000000001",
            "src": "./Sumador.v:12.15-12.44"
          },
          "port_directions": {
            "A": "input",
            "B": "input",
            "X": "output",
            "Y": "output"
          },
          "connections": {
            "A": [ 9 ],
            "B": [ 4 ],
            "X": [ 7 ],
            "Y": [ 6 ]
          }
        }
      },
      "netnames": {
        "A": {
          "hide_name": 0,
          "bits": [ 2 ],
          "attributes": {
            "src": "./Sumador.v:2.9-2.10"
          }
        },
        "B": {
          "hide_name": 0,
          "bits": [ 3 ],
          "attributes": {
            "src": "./Sumador.v:3.9-3.10"
          }
        },
        "CIn": {
          "hide_name": 0,
          "bits": [ 4 ],
          "attributes": {
            "src": "./Sumador.v:4.9-4.12"
          }
        },
        "COut": {
          "hide_name": 0,
          "bits": [ 5 ],
          "attributes": {
            "src": "./Sumador.v:5.10-5.14"
          }
        },
        "Sum": {
          "hide_name": 0,
          "bits": [ 6 ],
          "attributes": {
            "src": "./Sumador.v:6.10-6.13"
          }
        },
        "s0": {
          "hide_name": 0,
          "bits": [ 9 ],
          "attributes": {
            "src": "./Sumador.v:8.8-8.10"
          }
        },
        "s1": {
          "hide_name": 0,
          "bits": [ 8 ],
          "attributes": {
            "src": "./Sumador.v:9.8-9.10"
          }
        },
        "s2": {
          "hide_name": 0,
          "bits": [ 7 ],
          "attributes": {
            "src": "./Sumador.v:10.8-10.10"
          }
        }
      }
    }
  }
}
