{
  "creator": "Yosys 0.33+6 (git sha1 41b34a193, x86_64-conda-linux-gnu-cc 11.2.0 -fvisibility-inlines-hidden -fmessage-length=0 -march=nocona -mtune=haswell -ftree-vectorize -fPIC -fstack-protector-strong -fno-plt -O2 -ffunction-sections -fdebug-prefix-map=/root/conda-eda/conda-eda/workdir/conda-env/conda-bld/yosys_1694128612374/work=/usr/local/src/conda/yosys-0.33_7_g41b34a193 -fdebug-prefix-map=/home/alejandro/miniconda3/envs/digital=/usr/local/src/conda-prefix -fPIC -Os -fno-merge-constants)",
  "modules": {
    "Com_to_2": {
      "attributes": {
        "top": "00000000000000000000000000000001",
        "src": "./Com_to_2.v:1.1-26.10"
      },
      "ports": {
        "A0": {
          "direction": "input",
          "bits": [ 2 ]
        },
        "A1": {
          "direction": "input",
          "bits": [ 3 ]
        },
        "A2": {
          "direction": "input",
          "bits": [ 4 ]
        },
        "A3": {
          "direction": "input",
          "bits": [ 5 ]
        },
        "Sin": {
          "direction": "input",
          "bits": [ 6 ]
        },
        "-A0": {
          "direction": "output",
          "bits": [ 7 ]
        },
        "-A1": {
          "direction": "output",
          "bits": [ 8 ]
        },
        "-A2": {
          "direction": "output",
          "bits": [ 9 ]
        },
        "-A3": {
          "direction": "output",
          "bits": [ 10 ]
        }
      },
      "cells": {
        "$xor$./Com_to_2.v:18$1": {
          "hide_name": 1,
          "type": "$xor",
          "parameters": {
            "A_SIGNED": "00000000000000000000000000000000",
            "A_WIDTH": "00000000000000000000000000000001",
            "B_SIGNED": "00000000000000000000000000000000",
            "B_WIDTH": "00000000000000000000000000000001",
            "Y_WIDTH": "00000000000000000000000000000001"
          },
          "attributes": {
            "src": "./Com_to_2.v:18.16-18.24"
          },
          "port_directions": {
            "A": "input",
            "B": "input",
            "Y": "output"
          },
          "connections": {
            "A": [ 6 ],
            "B": [ 2 ],
            "Y": [ 11 ]
          }
        },
        "$xor$./Com_to_2.v:19$2": {
          "hide_name": 1,
          "type": "$xor",
          "parameters": {
            "A_SIGNED": "00000000000000000000000000000000",
            "A_WIDTH": "00000000000000000000000000000001",
            "B_SIGNED": "00000000000000000000000000000000",
            "B_WIDTH": "00000000000000000000000000000001",
            "Y_WIDTH": "00000000000000000000000000000001"
          },
          "attributes": {
            "src": "./Com_to_2.v:19.16-19.24"
          },
          "port_directions": {
            "A": "input",
            "B": "input",
            "Y": "output"
          },
          "connections": {
            "A": [ 6 ],
            "B": [ 3 ],
            "Y": [ 12 ]
          }
        },
        "$xor$./Com_to_2.v:20$3": {
          "hide_name": 1,
          "type": "$xor",
          "parameters": {
            "A_SIGNED": "00000000000000000000000000000000",
            "A_WIDTH": "00000000000000000000000000000001",
            "B_SIGNED": "00000000000000000000000000000000",
            "B_WIDTH": "00000000000000000000000000000001",
            "Y_WIDTH": "00000000000000000000000000000001"
          },
          "attributes": {
            "src": "./Com_to_2.v:20.16-20.24"
          },
          "port_directions": {
            "A": "input",
            "B": "input",
            "Y": "output"
          },
          "connections": {
            "A": [ 6 ],
            "B": [ 4 ],
            "Y": [ 13 ]
          }
        },
        "$xor$./Com_to_2.v:25$4": {
          "hide_name": 1,
          "type": "$xor",
          "parameters": {
            "A_SIGNED": "00000000000000000000000000000000",
            "A_WIDTH": "00000000000000000000000000000001",
            "B_SIGNED": "00000000000000000000000000000000",
            "B_WIDTH": "00000000000000000000000000000001",
            "Y_WIDTH": "00000000000000000000000000000001"
          },
          "attributes": {
            "src": "./Com_to_2.v:25.25-25.33"
          },
          "port_directions": {
            "A": "input",
            "B": "input",
            "Y": "output"
          },
          "connections": {
            "A": [ 6 ],
            "B": [ 5 ],
            "Y": [ 14 ]
          }
        },
        "$xor$./Com_to_2.v:25$5": {
          "hide_name": 1,
          "type": "$xor",
          "parameters": {
            "A_SIGNED": "00000000000000000000000000000000",
            "A_WIDTH": "00000000000000000000000000000001",
            "B_SIGNED": "00000000000000000000000000000000",
            "B_WIDTH": "00000000000000000000000000000001",
            "Y_WIDTH": "00000000000000000000000000000001"
          },
          "attributes": {
            "src": "./Com_to_2.v:25.19-25.34"
          },
          "port_directions": {
            "A": "input",
            "B": "input",
            "Y": "output"
          },
          "connections": {
            "A": [ 15 ],
            "B": [ 14 ],
            "Y": [ 10 ]
          }
        },
        "Semisumador_0": {
          "hide_name": 0,
          "type": "Semisumador",
          "parameters": {
          },
          "attributes": {
            "module_not_derived": "00000000000000000000000000000001",
            "src": "./Com_to_2.v:22.15-22.46"
          },
          "port_directions": {
            "A": "input",
            "B": "input",
            "X": "output",
            "Y": "output"
          },
          "connections": {
            "A": [ 6 ],
            "B": [ 11 ],
            "X": [ 16 ],
            "Y": [ 7 ]
          }
        },
        "Semisumador_1": {
          "hide_name": 0,
          "type": "Semisumador",
          "parameters": {
          },
          "attributes": {
            "module_not_derived": "00000000000000000000000000000001",
            "src": "./Com_to_2.v:23.15-23.45"
          },
          "port_directions": {
            "A": "input",
            "B": "input",
            "X": "output",
            "Y": "output"
          },
          "connections": {
            "A": [ 16 ],
            "B": [ 12 ],
            "X": [ 17 ],
            "Y": [ 8 ]
          }
        },
        "Semisumador_2": {
          "hide_name": 0,
          "type": "Semisumador",
          "parameters": {
          },
          "attributes": {
            "module_not_derived": "00000000000000000000000000000001",
            "src": "./Com_to_2.v:24.15-24.45"
          },
          "port_directions": {
            "A": "input",
            "B": "input",
            "X": "output",
            "Y": "output"
          },
          "connections": {
            "A": [ 17 ],
            "B": [ 13 ],
            "X": [ 15 ],
            "Y": [ 9 ]
          }
        }
      },
      "netnames": {
        "$xor$./Com_to_2.v:25$4_Y": {
          "hide_name": 1,
          "bits": [ 14 ],
          "attributes": {
            "src": "./Com_to_2.v:25.25-25.33"
          }
        },
        "-A0": {
          "hide_name": 0,
          "bits": [ 7 ],
          "attributes": {
            "src": "./Com_to_2.v:7.10-7.14"
          }
        },
        "-A1": {
          "hide_name": 0,
          "bits": [ 8 ],
          "attributes": {
            "src": "./Com_to_2.v:8.10-8.14"
          }
        },
        "-A2": {
          "hide_name": 0,
          "bits": [ 9 ],
          "attributes": {
            "src": "./Com_to_2.v:9.10-9.14"
          }
        },
        "-A3": {
          "hide_name": 0,
          "bits": [ 10 ],
          "attributes": {
            "src": "./Com_to_2.v:10.10-10.14"
          }
        },
        "A0": {
          "hide_name": 0,
          "bits": [ 2 ],
          "attributes": {
            "src": "./Com_to_2.v:2.9-2.11"
          }
        },
        "A1": {
          "hide_name": 0,
          "bits": [ 3 ],
          "attributes": {
            "src": "./Com_to_2.v:3.9-3.11"
          }
        },
        "A2": {
          "hide_name": 0,
          "bits": [ 4 ],
          "attributes": {
            "src": "./Com_to_2.v:4.9-4.11"
          }
        },
        "A3": {
          "hide_name": 0,
          "bits": [ 5 ],
          "attributes": {
            "src": "./Com_to_2.v:5.9-5.11"
          }
        },
        "Sin": {
          "hide_name": 0,
          "bits": [ 6 ],
          "attributes": {
            "src": "./Com_to_2.v:6.9-6.12"
          }
        },
        "s0": {
          "hide_name": 0,
          "bits": [ 11 ],
          "attributes": {
            "src": "./Com_to_2.v:12.8-12.10"
          }
        },
        "s1": {
          "hide_name": 0,
          "bits": [ 16 ],
          "attributes": {
            "src": "./Com_to_2.v:13.8-13.10"
          }
        },
        "s2": {
          "hide_name": 0,
          "bits": [ 12 ],
          "attributes": {
            "src": "./Com_to_2.v:14.8-14.10"
          }
        },
        "s3": {
          "hide_name": 0,
          "bits": [ 17 ],
          "attributes": {
            "src": "./Com_to_2.v:15.8-15.10"
          }
        },
        "s4": {
          "hide_name": 0,
          "bits": [ 13 ],
          "attributes": {
            "src": "./Com_to_2.v:16.8-16.10"
          }
        },
        "s5": {
          "hide_name": 0,
          "bits": [ 15 ],
          "attributes": {
            "src": "./Com_to_2.v:17.8-17.10"
          }
        }
      }
    },
    "Semisumador": {
      "attributes": {
        "src": "./Semisumador.v:1.1-9.10"
      },
      "ports": {
        "A": {
          "direction": "input",
          "bits": [ 2 ]
        },
        "B": {
          "direction": "input",
          "bits": [ 3 ]
        },
        "Y": {
          "direction": "output",
          "bits": [ 4 ]
        },
        "X": {
          "direction": "output",
          "bits": [ 5 ]
        }
      },
      "cells": {
        "$and$./Semisumador.v:8$7": {
          "hide_name": 1,
          "type": "$and",
          "parameters": {
            "A_SIGNED": "00000000000000000000000000000000",
            "A_WIDTH": "00000000000000000000000000000001",
            "B_SIGNED": "00000000000000000000000000000000",
            "B_WIDTH": "00000000000000000000000000000001",
            "Y_WIDTH": "00000000000000000000000000000001"
          },
          "attributes": {
            "src": "./Semisumador.v:8.15-8.20"
          },
          "port_directions": {
            "A": "input",
            "B": "input",
            "Y": "output"
          },
          "connections": {
            "A": [ 2 ],
            "B": [ 3 ],
            "Y": [ 5 ]
          }
        },
        "$xor$./Semisumador.v:7$6": {
          "hide_name": 1,
          "type": "$xor",
          "parameters": {
            "A_SIGNED": "00000000000000000000000000000000",
            "A_WIDTH": "00000000000000000000000000000001",
            "B_SIGNED": "00000000000000000000000000000000",
            "B_WIDTH": "00000000000000000000000000000001",
            "Y_WIDTH": "00000000000000000000000000000001"
          },
          "attributes": {
            "src": "./Semisumador.v:7.15-7.20"
          },
          "port_directions": {
            "A": "input",
            "B": "input",
            "Y": "output"
          },
          "connections": {
            "A": [ 3 ],
            "B": [ 2 ],
            "Y": [ 4 ]
          }
        }
      },
      "netnames": {
        "A": {
          "hide_name": 0,
          "bits": [ 2 ],
          "attributes": {
            "src": "./Semisumador.v:2.9-2.10"
          }
        },
        "B": {
          "hide_name": 0,
          "bits": [ 3 ],
          "attributes": {
            "src": "./Semisumador.v:3.9-3.10"
          }
        },
        "X": {
          "hide_name": 0,
          "bits": [ 5 ],
          "attributes": {
            "src": "./Semisumador.v:5.10-5.11"
          }
        },
        "Y": {
          "hide_name": 0,
          "bits": [ 4 ],
          "attributes": {
            "src": "./Semisumador.v:4.10-4.11"
          }
        }
      }
    }
  }
}
