{
  "creator": "Yosys 0.33+6 (git sha1 41b34a193, x86_64-conda-linux-gnu-cc 11.2.0 -fvisibility-inlines-hidden -fmessage-length=0 -march=nocona -mtune=haswell -ftree-vectorize -fPIC -fstack-protector-strong -fno-plt -O2 -ffunction-sections -fdebug-prefix-map=/root/conda-eda/conda-eda/workdir/conda-env/conda-bld/yosys_1694128612374/work=/usr/local/src/conda/yosys-0.33_7_g41b34a193 -fdebug-prefix-map=/home/alejandro/miniconda3/envs/digital=/usr/local/src/conda-prefix -fPIC -Os -fno-merge-constants)",
  "modules": {
    "Semisumador": {
      "attributes": {
        "top": "00000000000000000000000000000001",
        "src": "./Semisumador.v:1.1-9.10"
      },
      "ports": {
        "A": {
          "direction": "input",
          "bits": [ 2 ]
        },
        "B": {
          "direction": "input",
          "bits": [ 3 ]
        },
        "Y": {
          "direction": "output",
          "bits": [ 4 ]
        },
        "X": {
          "direction": "output",
          "bits": [ 5 ]
        }
      },
      "cells": {
        "$and$./Semisumador.v:8$7": {
          "hide_name": 1,
          "type": "$and",
          "parameters": {
            "A_SIGNED": "00000000000000000000000000000000",
            "A_WIDTH": "00000000000000000000000000000001",
            "B_SIGNED": "00000000000000000000000000000000",
            "B_WIDTH": "00000000000000000000000000000001",
            "Y_WIDTH": "00000000000000000000000000000001"
          },
          "attributes": {
            "src": "./Semisumador.v:8.15-8.20"
          },
          "port_directions": {
            "A": "input",
            "B": "input",
            "Y": "output"
          },
          "connections": {
            "A": [ 2 ],
            "B": [ 3 ],
            "Y": [ 5 ]
          }
        },
        "$xor$./Semisumador.v:7$6": {
          "hide_name": 1,
          "type": "$xor",
          "parameters": {
            "A_SIGNED": "00000000000000000000000000000000",
            "A_WIDTH": "00000000000000000000000000000001",
            "B_SIGNED": "00000000000000000000000000000000",
            "B_WIDTH": "00000000000000000000000000000001",
            "Y_WIDTH": "00000000000000000000000000000001"
          },
          "attributes": {
            "src": "./Semisumador.v:7.15-7.20"
          },
          "port_directions": {
            "A": "input",
            "B": "input",
            "Y": "output"
          },
          "connections": {
            "A": [ 3 ],
            "B": [ 2 ],
            "Y": [ 4 ]
          }
        }
      },
      "netnames": {
        "A": {
          "hide_name": 0,
          "bits": [ 2 ],
          "attributes": {
            "src": "./Semisumador.v:2.9-2.10"
          }
        },
        "B": {
          "hide_name": 0,
          "bits": [ 3 ],
          "attributes": {
            "src": "./Semisumador.v:3.9-3.10"
          }
        },
        "X": {
          "hide_name": 0,
          "bits": [ 5 ],
          "attributes": {
            "src": "./Semisumador.v:5.10-5.11"
          }
        },
        "Y": {
          "hide_name": 0,
          "bits": [ 4 ],
          "attributes": {
            "src": "./Semisumador.v:4.10-4.11"
          }
        }
      }
    }
  }
}
