{
  "creator": "Yosys 0.33+6 (git sha1 41b34a193, x86_64-conda-linux-gnu-cc 11.2.0 -fvisibility-inlines-hidden -fmessage-length=0 -march=nocona -mtune=haswell -ftree-vectorize -fPIC -fstack-protector-strong -fno-plt -O2 -ffunction-sections -fdebug-prefix-map=/root/conda-eda/conda-eda/workdir/conda-env/conda-bld/yosys_1694128612374/work=/usr/local/src/conda/yosys-0.33_7_g41b34a193 -fdebug-prefix-map=/home/alejandro/miniconda3/envs/digital=/usr/local/src/conda-prefix -fPIC -Os -fno-merge-constants)",
  "modules": {
    "Semisumador": {
      "attributes": {
        "src": "./Semisumador.v:1.1-9.10"
      },
      "ports": {
        "A": {
          "direction": "input",
          "bits": [ 2 ]
        },
        "B": {
          "direction": "input",
          "bits": [ 3 ]
        },
        "Y": {
          "direction": "output",
          "bits": [ 4 ]
        },
        "X": {
          "direction": "output",
          "bits": [ 5 ]
        }
      },
      "cells": {
        "$and$./Semisumador.v:8$7": {
          "hide_name": 1,
          "type": "$and",
          "parameters": {
            "A_SIGNED": "00000000000000000000000000000000",
            "A_WIDTH": "00000000000000000000000000000001",
            "B_SIGNED": "00000000000000000000000000000000",
            "B_WIDTH": "00000000000000000000000000000001",
            "Y_WIDTH": "00000000000000000000000000000001"
          },
          "attributes": {
            "src": "./Semisumador.v:8.15-8.20"
          },
          "port_directions": {
            "A": "input",
            "B": "input",
            "Y": "output"
          },
          "connections": {
            "A": [ 2 ],
            "B": [ 3 ],
            "Y": [ 5 ]
          }
        },
        "$xor$./Semisumador.v:7$6": {
          "hide_name": 1,
          "type": "$xor",
          "parameters": {
            "A_SIGNED": "00000000000000000000000000000000",
            "A_WIDTH": "00000000000000000000000000000001",
            "B_SIGNED": "00000000000000000000000000000000",
            "B_WIDTH": "00000000000000000000000000000001",
            "Y_WIDTH": "00000000000000000000000000000001"
          },
          "attributes": {
            "src": "./Semisumador.v:7.15-7.20"
          },
          "port_directions": {
            "A": "input",
            "B": "input",
            "Y": "output"
          },
          "connections": {
            "A": [ 3 ],
            "B": [ 2 ],
            "Y": [ 4 ]
          }
        }
      },
      "netnames": {
        "A": {
          "hide_name": 0,
          "bits": [ 2 ],
          "attributes": {
            "src": "./Semisumador.v:2.9-2.10"
          }
        },
        "B": {
          "hide_name": 0,
          "bits": [ 3 ],
          "attributes": {
            "src": "./Semisumador.v:3.9-3.10"
          }
        },
        "X": {
          "hide_name": 0,
          "bits": [ 5 ],
          "attributes": {
            "src": "./Semisumador.v:5.10-5.11"
          }
        },
        "Y": {
          "hide_name": 0,
          "bits": [ 4 ],
          "attributes": {
            "src": "./Semisumador.v:4.10-4.11"
          }
        }
      }
    },
    "Sumador": {
      "attributes": {
        "top": "00000000000000000000000000000001",
        "src": "./Sumador.v:1.1-14.10"
      },
      "ports": {
        "A": {
          "direction": "input",
          "bits": [ 2 ]
        },
        "B": {
          "direction": "input",
          "bits": [ 3 ]
        },
        "CIn": {
          "direction": "input",
          "bits": [ 4 ]
        },
        "COut": {
          "direction": "output",
          "bits": [ 5 ]
        },
        "Sum": {
          "direction": "output",
          "bits": [ 6 ]
        }
      },
      "cells": {
        "$or$./Sumador.v:13$8": {
          "hide_name": 1,
          "type": "$or",
          "parameters": {
            "A_SIGNED": "00000000000000000000000000000000",
            "A_WIDTH": "00000000000000000000000000000001",
            "B_SIGNED": "00000000000000000000000000000000",
            "B_WIDTH": "00000000000000000000000000000001",
            "Y_WIDTH": "00000000000000000000000000000001"
          },
          "attributes": {
            "src": "./Sumador.v:13.18-13.25"
          },
          "port_directions": {
            "A": "input",
            "B": "input",
            "Y": "output"
          },
          "connections": {
            "A": [ 7 ],
            "B": [ 8 ],
            "Y": [ 5 ]
          }
        },
        "Semisumador_0": {
          "hide_name": 0,
          "type": "Semisumador",
          "parameters": {
          },
          "attributes": {
            "module_not_derived": "00000000000000000000000000000001",
            "src": "./Sumador.v:11.15-11.40"
          },
          "port_directions": {
            "A": "input",
            "B": "input",
            "X": "output",
            "Y": "output"
          },
          "connections": {
            "A": [ 2 ],
            "B": [ 3 ],
            "X": [ 8 ],
            "Y": [ 9 ]
          }
        },
        "Semisumador_1": {
          "hide_name": 0,
          "type": "Semisumador",
          "parameters": {
          },
          "attributes": {
            "module_not_derived": "00000000000000000000000000000001",
            "src": "./Sumador.v:12.15-12.44"
          },
          "port_directions": {
            "A": "input",
            "B": "input",
            "X": "output",
            "Y": "output"
          },
          "connections": {
            "A": [ 9 ],
            "B": [ 4 ],
            "X": [ 7 ],
            "Y": [ 6 ]
          }
        }
      },
      "netnames": {
        "A": {
          "hide_name": 0,
          "bits": [ 2 ],
          "attributes": {
            "src": "./Sumador.v:2.9-2.10"
          }
        },
        "B": {
          "hide_name": 0,
          "bits": [ 3 ],
          "attributes": {
            "src": "./Sumador.v:3.9-3.10"
          }
        },
        "CIn": {
          "hide_name": 0,
          "bits": [ 4 ],
          "attributes": {
            "src": "./Sumador.v:4.9-4.12"
          }
        },
        "COut": {
          "hide_name": 0,
          "bits": [ 5 ],
          "attributes": {
            "src": "./Sumador.v:5.10-5.14"
          }
        },
        "Sum": {
          "hide_name": 0,
          "bits": [ 6 ],
          "attributes": {
            "src": "./Sumador.v:6.10-6.13"
          }
        },
        "s0": {
          "hide_name": 0,
          "bits": [ 9 ],
          "attributes": {
            "src": "./Sumador.v:8.8-8.10"
          }
        },
        "s1": {
          "hide_name": 0,
          "bits": [ 8 ],
          "attributes": {
            "src": "./Sumador.v:9.8-9.10"
          }
        },
        "s2": {
          "hide_name": 0,
          "bits": [ 7 ],
          "attributes": {
            "src": "./Sumador.v:10.8-10.10"
          }
        }
      }
    }
  }
}
