{
  "creator": "Yosys 0.33+6 (git sha1 41b34a193, x86_64-conda-linux-gnu-cc 11.2.0 -fvisibility-inlines-hidden -fmessage-length=0 -march=nocona -mtune=haswell -ftree-vectorize -fPIC -fstack-protector-strong -fno-plt -O2 -ffunction-sections -fdebug-prefix-map=/root/conda-eda/conda-eda/workdir/conda-env/conda-bld/yosys_1694128612374/work=/usr/local/src/conda/yosys-0.33_7_g41b34a193 -fdebug-prefix-map=/home/alejandro/miniconda3/envs/digital=/usr/local/src/conda-prefix -fPIC -Os -fno-merge-constants)",
  "modules": {
    "\\4_bit_adder": {
      "attributes": {
        "src": "./4_bit_adder.v:1.1-25.10"
      },
      "ports": {
        "A0": {
          "direction": "input",
          "bits": [ 2 ]
        },
        "B0": {
          "direction": "input",
          "bits": [ 3 ]
        },
        "A1": {
          "direction": "input",
          "bits": [ 4 ]
        },
        "B1": {
          "direction": "input",
          "bits": [ 5 ]
        },
        "A2": {
          "direction": "input",
          "bits": [ 6 ]
        },
        "B2": {
          "direction": "input",
          "bits": [ 7 ]
        },
        "A3": {
          "direction": "input",
          "bits": [ 8 ]
        },
        "B3": {
          "direction": "input",
          "bits": [ 9 ]
        },
        "Cin": {
          "direction": "input",
          "bits": [ 10 ]
        },
        "C0": {
          "direction": "output",
          "bits": [ 11 ]
        },
        "C1": {
          "direction": "output",
          "bits": [ 12 ]
        },
        "C2": {
          "direction": "output",
          "bits": [ 13 ]
        },
        "C3": {
          "direction": "output",
          "bits": [ 14 ]
        },
        "COut": {
          "direction": "output",
          "bits": [ 15 ]
        }
      },
      "cells": {
        "Sumador_0": {
          "hide_name": 0,
          "type": "Sumador",
          "parameters": {
          },
          "attributes": {
            "module_not_derived": "00000000000000000000000000000001",
            "src": "./4_bit_adder.v:21.11-21.38"
          },
          "port_directions": {
            "A": "input",
            "B": "input",
            "CIn": "input",
            "COut": "output",
            "Sum": "output"
          },
          "connections": {
            "A": [ 2 ],
            "B": [ 3 ],
            "CIn": [ 10 ],
            "COut": [ 16 ],
            "Sum": [ 11 ]
          }
        },
        "Sumador_1": {
          "hide_name": 0,
          "type": "Sumador",
          "parameters": {
          },
          "attributes": {
            "module_not_derived": "00000000000000000000000000000001",
            "src": "./4_bit_adder.v:22.11-22.37"
          },
          "port_directions": {
            "A": "input",
            "B": "input",
            "CIn": "input",
            "COut": "output",
            "Sum": "output"
          },
          "connections": {
            "A": [ 4 ],
            "B": [ 5 ],
            "CIn": [ 16 ],
            "COut": [ 17 ],
            "Sum": [ 12 ]
          }
        },
        "Sumador_2": {
          "hide_name": 0,
          "type": "Sumador",
          "parameters": {
          },
          "attributes": {
            "module_not_derived": "00000000000000000000000000000001",
            "src": "./4_bit_adder.v:23.11-23.37"
          },
          "port_directions": {
            "A": "input",
            "B": "input",
            "CIn": "input",
            "COut": "output",
            "Sum": "output"
          },
          "connections": {
            "A": [ 6 ],
            "B": [ 7 ],
            "CIn": [ 17 ],
            "COut": [ 18 ],
            "Sum": [ 13 ]
          }
        },
        "Sumador_3": {
          "hide_name": 0,
          "type": "Sumador",
          "parameters": {
          },
          "attributes": {
            "module_not_derived": "00000000000000000000000000000001",
            "src": "./4_bit_adder.v:24.11-24.39"
          },
          "port_directions": {
            "A": "input",
            "B": "input",
            "CIn": "input",
            "COut": "output",
            "Sum": "output"
          },
          "connections": {
            "A": [ 8 ],
            "B": [ 9 ],
            "CIn": [ 18 ],
            "COut": [ 15 ],
            "Sum": [ 14 ]
          }
        }
      },
      "netnames": {
        "A0": {
          "hide_name": 0,
          "bits": [ 2 ],
          "attributes": {
            "src": "./4_bit_adder.v:2.9-2.11"
          }
        },
        "A1": {
          "hide_name": 0,
          "bits": [ 4 ],
          "attributes": {
            "src": "./4_bit_adder.v:4.9-4.11"
          }
        },
        "A2": {
          "hide_name": 0,
          "bits": [ 6 ],
          "attributes": {
            "src": "./4_bit_adder.v:6.9-6.11"
          }
        },
        "A3": {
          "hide_name": 0,
          "bits": [ 8 ],
          "attributes": {
            "src": "./4_bit_adder.v:8.9-8.11"
          }
        },
        "B0": {
          "hide_name": 0,
          "bits": [ 3 ],
          "attributes": {
            "src": "./4_bit_adder.v:3.9-3.11"
          }
        },
        "B1": {
          "hide_name": 0,
          "bits": [ 5 ],
          "attributes": {
            "src": "./4_bit_adder.v:5.9-5.11"
          }
        },
        "B2": {
          "hide_name": 0,
          "bits": [ 7 ],
          "attributes": {
            "src": "./4_bit_adder.v:7.9-7.11"
          }
        },
        "B3": {
          "hide_name": 0,
          "bits": [ 9 ],
          "attributes": {
            "src": "./4_bit_adder.v:9.9-9.11"
          }
        },
        "C0": {
          "hide_name": 0,
          "bits": [ 11 ],
          "attributes": {
            "src": "./4_bit_adder.v:11.10-11.12"
          }
        },
        "C1": {
          "hide_name": 0,
          "bits": [ 12 ],
          "attributes": {
            "src": "./4_bit_adder.v:12.10-12.12"
          }
        },
        "C2": {
          "hide_name": 0,
          "bits": [ 13 ],
          "attributes": {
            "src": "./4_bit_adder.v:13.10-13.12"
          }
        },
        "C3": {
          "hide_name": 0,
          "bits": [ 14 ],
          "attributes": {
            "src": "./4_bit_adder.v:14.10-14.12"
          }
        },
        "COut": {
          "hide_name": 0,
          "bits": [ 15 ],
          "attributes": {
            "src": "./4_bit_adder.v:15.10-15.14"
          }
        },
        "Cin": {
          "hide_name": 0,
          "bits": [ 10 ],
          "attributes": {
            "src": "./4_bit_adder.v:10.9-10.12"
          }
        },
        "s0": {
          "hide_name": 0,
          "bits": [ 16 ],
          "attributes": {
            "src": "./4_bit_adder.v:17.8-17.10"
          }
        },
        "s1": {
          "hide_name": 0,
          "bits": [ 17 ],
          "attributes": {
            "src": "./4_bit_adder.v:18.8-18.10"
          }
        },
        "s2": {
          "hide_name": 0,
          "bits": [ 18 ],
          "attributes": {
            "src": "./4_bit_adder.v:19.8-19.10"
          }
        }
      }
    },
    "Com_to_2": {
      "attributes": {
        "src": "./Com_to_2.v:1.1-26.10"
      },
      "ports": {
        "A0": {
          "direction": "input",
          "bits": [ 2 ]
        },
        "A1": {
          "direction": "input",
          "bits": [ 3 ]
        },
        "A2": {
          "direction": "input",
          "bits": [ 4 ]
        },
        "A3": {
          "direction": "input",
          "bits": [ 5 ]
        },
        "Sin": {
          "direction": "input",
          "bits": [ 6 ]
        },
        "-A0": {
          "direction": "output",
          "bits": [ 7 ]
        },
        "-A1": {
          "direction": "output",
          "bits": [ 8 ]
        },
        "-A2": {
          "direction": "output",
          "bits": [ 9 ]
        },
        "-A3": {
          "direction": "output",
          "bits": [ 10 ]
        }
      },
      "cells": {
        "$xor$./Com_to_2.v:18$20": {
          "hide_name": 1,
          "type": "$xor",
          "parameters": {
            "A_SIGNED": "00000000000000000000000000000000",
            "A_WIDTH": "00000000000000000000000000000001",
            "B_SIGNED": "00000000000000000000000000000000",
            "B_WIDTH": "00000000000000000000000000000001",
            "Y_WIDTH": "00000000000000000000000000000001"
          },
          "attributes": {
            "src": "./Com_to_2.v:18.16-18.24"
          },
          "port_directions": {
            "A": "input",
            "B": "input",
            "Y": "output"
          },
          "connections": {
            "A": [ 6 ],
            "B": [ 2 ],
            "Y": [ 11 ]
          }
        },
        "$xor$./Com_to_2.v:19$21": {
          "hide_name": 1,
          "type": "$xor",
          "parameters": {
            "A_SIGNED": "00000000000000000000000000000000",
            "A_WIDTH": "00000000000000000000000000000001",
            "B_SIGNED": "00000000000000000000000000000000",
            "B_WIDTH": "00000000000000000000000000000001",
            "Y_WIDTH": "00000000000000000000000000000001"
          },
          "attributes": {
            "src": "./Com_to_2.v:19.16-19.24"
          },
          "port_directions": {
            "A": "input",
            "B": "input",
            "Y": "output"
          },
          "connections": {
            "A": [ 6 ],
            "B": [ 3 ],
            "Y": [ 12 ]
          }
        },
        "$xor$./Com_to_2.v:20$22": {
          "hide_name": 1,
          "type": "$xor",
          "parameters": {
            "A_SIGNED": "00000000000000000000000000000000",
            "A_WIDTH": "00000000000000000000000000000001",
            "B_SIGNED": "00000000000000000000000000000000",
            "B_WIDTH": "00000000000000000000000000000001",
            "Y_WIDTH": "00000000000000000000000000000001"
          },
          "attributes": {
            "src": "./Com_to_2.v:20.16-20.24"
          },
          "port_directions": {
            "A": "input",
            "B": "input",
            "Y": "output"
          },
          "connections": {
            "A": [ 6 ],
            "B": [ 4 ],
            "Y": [ 13 ]
          }
        },
        "$xor$./Com_to_2.v:25$23": {
          "hide_name": 1,
          "type": "$xor",
          "parameters": {
            "A_SIGNED": "00000000000000000000000000000000",
            "A_WIDTH": "00000000000000000000000000000001",
            "B_SIGNED": "00000000000000000000000000000000",
            "B_WIDTH": "00000000000000000000000000000001",
            "Y_WIDTH": "00000000000000000000000000000001"
          },
          "attributes": {
            "src": "./Com_to_2.v:25.25-25.33"
          },
          "port_directions": {
            "A": "input",
            "B": "input",
            "Y": "output"
          },
          "connections": {
            "A": [ 6 ],
            "B": [ 5 ],
            "Y": [ 14 ]
          }
        },
        "$xor$./Com_to_2.v:25$24": {
          "hide_name": 1,
          "type": "$xor",
          "parameters": {
            "A_SIGNED": "00000000000000000000000000000000",
            "A_WIDTH": "00000000000000000000000000000001",
            "B_SIGNED": "00000000000000000000000000000000",
            "B_WIDTH": "00000000000000000000000000000001",
            "Y_WIDTH": "00000000000000000000000000000001"
          },
          "attributes": {
            "src": "./Com_to_2.v:25.19-25.34"
          },
          "port_directions": {
            "A": "input",
            "B": "input",
            "Y": "output"
          },
          "connections": {
            "A": [ 15 ],
            "B": [ 14 ],
            "Y": [ 10 ]
          }
        },
        "Semisumador_0": {
          "hide_name": 0,
          "type": "Semisumador",
          "parameters": {
          },
          "attributes": {
            "module_not_derived": "00000000000000000000000000000001",
            "src": "./Com_to_2.v:22.15-22.46"
          },
          "port_directions": {
            "A": "input",
            "B": "input",
            "X": "output",
            "Y": "output"
          },
          "connections": {
            "A": [ 6 ],
            "B": [ 11 ],
            "X": [ 16 ],
            "Y": [ 7 ]
          }
        },
        "Semisumador_1": {
          "hide_name": 0,
          "type": "Semisumador",
          "parameters": {
          },
          "attributes": {
            "module_not_derived": "00000000000000000000000000000001",
            "src": "./Com_to_2.v:23.15-23.45"
          },
          "port_directions": {
            "A": "input",
            "B": "input",
            "X": "output",
            "Y": "output"
          },
          "connections": {
            "A": [ 16 ],
            "B": [ 12 ],
            "X": [ 17 ],
            "Y": [ 8 ]
          }
        },
        "Semisumador_2": {
          "hide_name": 0,
          "type": "Semisumador",
          "parameters": {
          },
          "attributes": {
            "module_not_derived": "00000000000000000000000000000001",
            "src": "./Com_to_2.v:24.15-24.45"
          },
          "port_directions": {
            "A": "input",
            "B": "input",
            "X": "output",
            "Y": "output"
          },
          "connections": {
            "A": [ 17 ],
            "B": [ 13 ],
            "X": [ 15 ],
            "Y": [ 9 ]
          }
        }
      },
      "netnames": {
        "$xor$./Com_to_2.v:18$20_Y": {
          "hide_name": 1,
          "bits": [ 11 ],
          "attributes": {
            "src": "./Com_to_2.v:18.16-18.24"
          }
        },
        "$xor$./Com_to_2.v:19$21_Y": {
          "hide_name": 1,
          "bits": [ 12 ],
          "attributes": {
            "src": "./Com_to_2.v:19.16-19.24"
          }
        },
        "$xor$./Com_to_2.v:20$22_Y": {
          "hide_name": 1,
          "bits": [ 13 ],
          "attributes": {
            "src": "./Com_to_2.v:20.16-20.24"
          }
        },
        "$xor$./Com_to_2.v:25$23_Y": {
          "hide_name": 1,
          "bits": [ 14 ],
          "attributes": {
            "src": "./Com_to_2.v:25.25-25.33"
          }
        },
        "$xor$./Com_to_2.v:25$24_Y": {
          "hide_name": 1,
          "bits": [ 10 ],
          "attributes": {
            "src": "./Com_to_2.v:25.19-25.34"
          }
        },
        "-A0": {
          "hide_name": 0,
          "bits": [ 7 ],
          "attributes": {
            "src": "./Com_to_2.v:7.10-7.14"
          }
        },
        "-A1": {
          "hide_name": 0,
          "bits": [ 8 ],
          "attributes": {
            "src": "./Com_to_2.v:8.10-8.14"
          }
        },
        "-A2": {
          "hide_name": 0,
          "bits": [ 9 ],
          "attributes": {
            "src": "./Com_to_2.v:9.10-9.14"
          }
        },
        "-A3": {
          "hide_name": 0,
          "bits": [ 10 ],
          "attributes": {
            "src": "./Com_to_2.v:10.10-10.14"
          }
        },
        "A0": {
          "hide_name": 0,
          "bits": [ 2 ],
          "attributes": {
            "src": "./Com_to_2.v:2.9-2.11"
          }
        },
        "A1": {
          "hide_name": 0,
          "bits": [ 3 ],
          "attributes": {
            "src": "./Com_to_2.v:3.9-3.11"
          }
        },
        "A2": {
          "hide_name": 0,
          "bits": [ 4 ],
          "attributes": {
            "src": "./Com_to_2.v:4.9-4.11"
          }
        },
        "A3": {
          "hide_name": 0,
          "bits": [ 5 ],
          "attributes": {
            "src": "./Com_to_2.v:5.9-5.11"
          }
        },
        "Sin": {
          "hide_name": 0,
          "bits": [ 6 ],
          "attributes": {
            "src": "./Com_to_2.v:6.9-6.12"
          }
        },
        "s0": {
          "hide_name": 0,
          "bits": [ 11 ],
          "attributes": {
            "src": "./Com_to_2.v:12.8-12.10"
          }
        },
        "s1": {
          "hide_name": 0,
          "bits": [ 16 ],
          "attributes": {
            "src": "./Com_to_2.v:13.8-13.10"
          }
        },
        "s2": {
          "hide_name": 0,
          "bits": [ 12 ],
          "attributes": {
            "src": "./Com_to_2.v:14.8-14.10"
          }
        },
        "s3": {
          "hide_name": 0,
          "bits": [ 17 ],
          "attributes": {
            "src": "./Com_to_2.v:15.8-15.10"
          }
        },
        "s4": {
          "hide_name": 0,
          "bits": [ 13 ],
          "attributes": {
            "src": "./Com_to_2.v:16.8-16.10"
          }
        },
        "s5": {
          "hide_name": 0,
          "bits": [ 15 ],
          "attributes": {
            "src": "./Com_to_2.v:17.8-17.10"
          }
        }
      }
    },
    "MiniALU": {
      "attributes": {
        "src": "MiniALU.v:1.1-50.10"
      },
      "ports": {
        "A0": {
          "direction": "input",
          "bits": [ 2 ]
        },
        "A1": {
          "direction": "input",
          "bits": [ 3 ]
        },
        "A2": {
          "direction": "input",
          "bits": [ 4 ]
        },
        "A3": {
          "direction": "input",
          "bits": [ 5 ]
        },
        "SA": {
          "direction": "input",
          "bits": [ 6 ]
        },
        "B0": {
          "direction": "input",
          "bits": [ 7 ]
        },
        "B1": {
          "direction": "input",
          "bits": [ 8 ]
        },
        "B2": {
          "direction": "input",
          "bits": [ 9 ]
        },
        "B3": {
          "direction": "input",
          "bits": [ 10 ]
        },
        "SB": {
          "direction": "input",
          "bits": [ 11 ]
        },
        "Cin": {
          "direction": "input",
          "bits": [ 12 ]
        },
        "C0": {
          "direction": "output",
          "bits": [ 13 ]
        },
        "C1": {
          "direction": "output",
          "bits": [ 14 ]
        },
        "C2": {
          "direction": "output",
          "bits": [ 15 ]
        },
        "C3": {
          "direction": "output",
          "bits": [ 16 ]
        },
        "SC": {
          "direction": "output",
          "bits": [ 17 ]
        },
        "Cout": {
          "direction": "output",
          "bits": [ 18 ]
        }
      },
      "cells": {
        "$and$MiniALU.v:42$2": {
          "hide_name": 1,
          "type": "$and",
          "parameters": {
            "A_SIGNED": "00000000000000000000000000000000",
            "A_WIDTH": "00000000000000000000000000000001",
            "B_SIGNED": "00000000000000000000000000000000",
            "B_WIDTH": "00000000000000000000000000000001",
            "Y_WIDTH": "00000000000000000000000000000001"
          },
          "attributes": {
            "src": "MiniALU.v:42.17-42.24"
          },
          "port_directions": {
            "A": "input",
            "B": "input",
            "Y": "output"
          },
          "connections": {
            "A": [ 11 ],
            "B": [ 6 ],
            "Y": [ 19 ]
          }
        },
        "$and$MiniALU.v:44$3": {
          "hide_name": 1,
          "type": "$and",
          "parameters": {
            "A_SIGNED": "00000000000000000000000000000000",
            "A_WIDTH": "00000000000000000000000000000001",
            "B_SIGNED": "00000000000000000000000000000000",
            "B_WIDTH": "00000000000000000000000000000001",
            "Y_WIDTH": "00000000000000000000000000000001"
          },
          "attributes": {
            "src": "MiniALU.v:44.17-44.26"
          },
          "port_directions": {
            "A": "input",
            "B": "input",
            "Y": "output"
          },
          "connections": {
            "A": [ 20 ],
            "B": [ 21 ],
            "Y": [ 22 ]
          }
        },
        "$and$MiniALU.v:46$5": {
          "hide_name": 1,
          "type": "$and",
          "parameters": {
            "A_SIGNED": "00000000000000000000000000000000",
            "A_WIDTH": "00000000000000000000000000000001",
            "B_SIGNED": "00000000000000000000000000000000",
            "B_WIDTH": "00000000000000000000000000000001",
            "Y_WIDTH": "00000000000000000000000000000001"
          },
          "attributes": {
            "src": "MiniALU.v:46.22-46.33"
          },
          "port_directions": {
            "A": "input",
            "B": "input",
            "Y": "output"
          },
          "connections": {
            "A": [ 23 ],
            "B": [ 24 ],
            "Y": [ 25 ]
          }
        },
        "$and$MiniALU.v:46$6": {
          "hide_name": 1,
          "type": "$and",
          "parameters": {
            "A_SIGNED": "00000000000000000000000000000000",
            "A_WIDTH": "00000000000000000000000000000001",
            "B_SIGNED": "00000000000000000000000000000000",
            "B_WIDTH": "00000000000000000000000000000001",
            "Y_WIDTH": "00000000000000000000000000000001"
          },
          "attributes": {
            "src": "MiniALU.v:46.38-46.47"
          },
          "port_directions": {
            "A": "input",
            "B": "input",
            "Y": "output"
          },
          "connections": {
            "A": [ 26 ],
            "B": [ 19 ],
            "Y": [ 27 ]
          }
        },
        "$and$MiniALU.v:48$11": {
          "hide_name": 1,
          "type": "$and",
          "parameters": {
            "A_SIGNED": "00000000000000000000000000000000",
            "A_WIDTH": "00000000000000000000000000000001",
            "B_SIGNED": "00000000000000000000000000000000",
            "B_WIDTH": "00000000000000000000000000000001",
            "Y_WIDTH": "00000000000000000000000000000001"
          },
          "attributes": {
            "src": "MiniALU.v:48.20-48.41"
          },
          "port_directions": {
            "A": "input",
            "B": "input",
            "Y": "output"
          },
          "connections": {
            "A": [ 20 ],
            "B": [ 28 ],
            "Y": [ 29 ]
          }
        },
        "$and$MiniALU.v:48$14": {
          "hide_name": 1,
          "type": "$and",
          "parameters": {
            "A_SIGNED": "00000000000000000000000000000000",
            "A_WIDTH": "00000000000000000000000000000001",
            "B_SIGNED": "00000000000000000000000000000000",
            "B_WIDTH": "00000000000000000000000000000001",
            "Y_WIDTH": "00000000000000000000000000000001"
          },
          "attributes": {
            "src": "MiniALU.v:48.59-48.70"
          },
          "port_directions": {
            "A": "input",
            "B": "input",
            "Y": "output"
          },
          "connections": {
            "A": [ 30 ],
            "B": [ 21 ],
            "Y": [ 31 ]
          }
        },
        "$and$MiniALU.v:48$16": {
          "hide_name": 1,
          "type": "$and",
          "parameters": {
            "A_SIGNED": "00000000000000000000000000000000",
            "A_WIDTH": "00000000000000000000000000000001",
            "B_SIGNED": "00000000000000000000000000000000",
            "B_WIDTH": "00000000000000000000000000000001",
            "Y_WIDTH": "00000000000000000000000000000001"
          },
          "attributes": {
            "src": "MiniALU.v:48.18-48.71"
          },
          "port_directions": {
            "A": "input",
            "B": "input",
            "Y": "output"
          },
          "connections": {
            "A": [ 32 ],
            "B": [ 33 ],
            "Y": [ 18 ]
          }
        },
        "$and$MiniALU.v:48$9": {
          "hide_name": 1,
          "type": "$and",
          "parameters": {
            "A_SIGNED": "00000000000000000000000000000000",
            "A_WIDTH": "00000000000000000000000000000001",
            "B_SIGNED": "00000000000000000000000000000000",
            "B_WIDTH": "00000000000000000000000000000001",
            "Y_WIDTH": "00000000000000000000000000000001"
          },
          "attributes": {
            "src": "MiniALU.v:48.29-48.40"
          },
          "port_directions": {
            "A": "input",
            "B": "input",
            "Y": "output"
          },
          "connections": {
            "A": [ 21 ],
            "B": [ 34 ],
            "Y": [ 35 ]
          }
        },
        "$not$MiniALU.v:46$4": {
          "hide_name": 1,
          "type": "$not",
          "parameters": {
            "A_SIGNED": "00000000000000000000000000000000",
            "A_WIDTH": "00000000000000000000000000000001",
            "Y_WIDTH": "00000000000000000000000000000001"
          },
          "attributes": {
            "src": "MiniALU.v:46.22-46.27"
          },
          "port_directions": {
            "A": "input",
            "Y": "output"
          },
          "connections": {
            "A": [ 19 ],
            "Y": [ 23 ]
          }
        },
        "$not$MiniALU.v:48$10": {
          "hide_name": 1,
          "type": "$not",
          "parameters": {
            "A_SIGNED": "00000000000000000000000000000000",
            "A_WIDTH": "00000000000000000000000000000001",
            "Y_WIDTH": "00000000000000000000000000000001"
          },
          "attributes": {
            "src": "MiniALU.v:48.26-48.41"
          },
          "port_directions": {
            "A": "input",
            "Y": "output"
          },
          "connections": {
            "A": [ 35 ],
            "Y": [ 28 ]
          }
        },
        "$not$MiniALU.v:48$13": {
          "hide_name": 1,
          "type": "$not",
          "parameters": {
            "A_SIGNED": "00000000000000000000000000000000",
            "A_WIDTH": "00000000000000000000000000000001",
            "Y_WIDTH": "00000000000000000000000000000001"
          },
          "attributes": {
            "src": "MiniALU.v:48.59-48.64"
          },
          "port_directions": {
            "A": "input",
            "Y": "output"
          },
          "connections": {
            "A": [ 19 ],
            "Y": [ 30 ]
          }
        },
        "$not$MiniALU.v:48$15": {
          "hide_name": 1,
          "type": "$not",
          "parameters": {
            "A_SIGNED": "00000000000000000000000000000000",
            "A_WIDTH": "00000000000000000000000000000001",
            "Y_WIDTH": "00000000000000000000000000000001"
          },
          "attributes": {
            "src": "MiniALU.v:48.56-48.71"
          },
          "port_directions": {
            "A": "input",
            "Y": "output"
          },
          "connections": {
            "A": [ 31 ],
            "Y": [ 33 ]
          }
        },
        "$not$MiniALU.v:48$8": {
          "hide_name": 1,
          "type": "$not",
          "parameters": {
            "A_SIGNED": "00000000000000000000000000000000",
            "A_WIDTH": "00000000000000000000000000000001",
            "Y_WIDTH": "00000000000000000000000000000001"
          },
          "attributes": {
            "src": "MiniALU.v:48.35-48.40"
          },
          "port_directions": {
            "A": "input",
            "Y": "output"
          },
          "connections": {
            "A": [ 19 ],
            "Y": [ 34 ]
          }
        },
        "$or$MiniALU.v:41$1": {
          "hide_name": 1,
          "type": "$or",
          "parameters": {
            "A_SIGNED": "00000000000000000000000000000000",
            "A_WIDTH": "00000000000000000000000000000001",
            "B_SIGNED": "00000000000000000000000000000000",
            "B_WIDTH": "00000000000000000000000000000001",
            "Y_WIDTH": "00000000000000000000000000000001"
          },
          "attributes": {
            "src": "MiniALU.v:41.17-41.24"
          },
          "port_directions": {
            "A": "input",
            "B": "input",
            "Y": "output"
          },
          "connections": {
            "A": [ 11 ],
            "B": [ 6 ],
            "Y": [ 21 ]
          }
        },
        "$or$MiniALU.v:46$7": {
          "hide_name": 1,
          "type": "$or",
          "parameters": {
            "A_SIGNED": "00000000000000000000000000000000",
            "A_WIDTH": "00000000000000000000000000000001",
            "B_SIGNED": "00000000000000000000000000000000",
            "B_WIDTH": "00000000000000000000000000000001",
            "Y_WIDTH": "00000000000000000000000000000001"
          },
          "attributes": {
            "src": "MiniALU.v:46.21-46.48"
          },
          "port_directions": {
            "A": "input",
            "B": "input",
            "Y": "output"
          },
          "connections": {
            "A": [ 25 ],
            "B": [ 27 ],
            "Y": [ 17 ]
          }
        },
        "$xor$MiniALU.v:48$12": {
          "hide_name": 1,
          "type": "$xor",
          "parameters": {
            "A_SIGNED": "00000000000000000000000000000000",
            "A_WIDTH": "00000000000000000000000000000001",
            "B_SIGNED": "00000000000000000000000000000000",
            "B_WIDTH": "00000000000000000000000000000001",
            "Y_WIDTH": "00000000000000000000000000000001"
          },
          "attributes": {
            "src": "MiniALU.v:48.19-48.52"
          },
          "port_directions": {
            "A": "input",
            "B": "input",
            "Y": "output"
          },
          "connections": {
            "A": [ 29 ],
            "B": [ 17 ],
            "Y": [ 32 ]
          }
        },
        "\\4_bit_adder_2": {
          "hide_name": 0,
          "type": "\\4_bit_adder",
          "parameters": {
          },
          "attributes": {
            "module_not_derived": "00000000000000000000000000000001",
            "src": "MiniALU.v:43.17-43.79"
          },
          "port_directions": {
            "A0": "input",
            "A1": "input",
            "A2": "input",
            "A3": "input",
            "B0": "input",
            "B1": "input",
            "B2": "input",
            "B3": "input",
            "C0": "output",
            "C1": "output",
            "C2": "output",
            "C3": "output",
            "COut": "output",
            "Cin": "input"
          },
          "connections": {
            "A0": [ 36 ],
            "A1": [ 37 ],
            "A2": [ 38 ],
            "A3": [ 39 ],
            "B0": [ 40 ],
            "B1": [ 41 ],
            "B2": [ 42 ],
            "B3": [ 43 ],
            "C0": [ 44 ],
            "C1": [ 45 ],
            "C2": [ 46 ],
            "C3": [ 47 ],
            "COut": [ 20 ],
            "Cin": [ 12 ]
          }
        },
        "Com_to_2_0": {
          "hide_name": 0,
          "type": "Com_to_2",
          "parameters": {
          },
          "attributes": {
            "module_not_derived": "00000000000000000000000000000001",
            "src": "MiniALU.v:39.12-39.51"
          },
          "port_directions": {
            "-A0": "output",
            "-A1": "output",
            "-A2": "output",
            "-A3": "output",
            "A0": "input",
            "A1": "input",
            "A2": "input",
            "A3": "input",
            "Sin": "input"
          },
          "connections": {
            "-A0": [ 36 ],
            "-A1": [ 37 ],
            "-A2": [ 38 ],
            "-A3": [ 39 ],
            "A0": [ 2 ],
            "A1": [ 3 ],
            "A2": [ 4 ],
            "A3": [ 5 ],
            "Sin": [ 6 ]
          }
        },
        "Com_to_2_1": {
          "hide_name": 0,
          "type": "Com_to_2",
          "parameters": {
          },
          "attributes": {
            "module_not_derived": "00000000000000000000000000000001",
            "src": "MiniALU.v:40.12-40.51"
          },
          "port_directions": {
            "-A0": "output",
            "-A1": "output",
            "-A2": "output",
            "-A3": "output",
            "A0": "input",
            "A1": "input",
            "A2": "input",
            "A3": "input",
            "Sin": "input"
          },
          "connections": {
            "-A0": [ 40 ],
            "-A1": [ 41 ],
            "-A2": [ 42 ],
            "-A3": [ 43 ],
            "A0": [ 7 ],
            "A1": [ 8 ],
            "A2": [ 9 ],
            "A3": [ 10 ],
            "Sin": [ 11 ]
          }
        },
        "Com_to_2_4": {
          "hide_name": 0,
          "type": "Com_to_2",
          "parameters": {
          },
          "attributes": {
            "module_not_derived": "00000000000000000000000000000001",
            "src": "MiniALU.v:47.12-47.58"
          },
          "port_directions": {
            "-A0": "output",
            "-A1": "output",
            "-A2": "output",
            "-A3": "output",
            "A0": "input",
            "A1": "input",
            "A2": "input",
            "A3": "input",
            "Sin": "input"
          },
          "connections": {
            "-A0": [ 13 ],
            "-A1": [ 14 ],
            "-A2": [ 15 ],
            "-A3": [ 16 ],
            "A0": [ 44 ],
            "A1": [ 45 ],
            "A2": [ 46 ],
            "A3": [ 47 ],
            "Sin": [ 17 ]
          }
        },
        "Sumador_3": {
          "hide_name": 0,
          "type": "Sumador",
          "parameters": {
          },
          "attributes": {
            "module_not_derived": "00000000000000000000000000000001",
            "src": "MiniALU.v:45.11-45.42"
          },
          "port_directions": {
            "A": "input",
            "B": "input",
            "CIn": "input",
            "COut": "output",
            "Sum": "output"
          },
          "connections": {
            "A": [ 21 ],
            "B": [ 19 ],
            "CIn": [ 22 ],
            "COut": [ 26 ],
            "Sum": [ 24 ]
          }
        }
      },
      "netnames": {
        "$and$MiniALU.v:42$2_Y": {
          "hide_name": 1,
          "bits": [ 19 ],
          "attributes": {
            "src": "MiniALU.v:42.17-42.24"
          }
        },
        "$and$MiniALU.v:44$3_Y": {
          "hide_name": 1,
          "bits": [ 22 ],
          "attributes": {
            "src": "MiniALU.v:44.17-44.26"
          }
        },
        "$and$MiniALU.v:46$5_Y": {
          "hide_name": 1,
          "bits": [ 25 ],
          "attributes": {
            "src": "MiniALU.v:46.22-46.33"
          }
        },
        "$and$MiniALU.v:46$6_Y": {
          "hide_name": 1,
          "bits": [ 27 ],
          "attributes": {
            "src": "MiniALU.v:46.38-46.47"
          }
        },
        "$and$MiniALU.v:48$11_Y": {
          "hide_name": 1,
          "bits": [ 29 ],
          "attributes": {
            "src": "MiniALU.v:48.20-48.41"
          }
        },
        "$and$MiniALU.v:48$14_Y": {
          "hide_name": 1,
          "bits": [ 31 ],
          "attributes": {
            "src": "MiniALU.v:48.59-48.70"
          }
        },
        "$and$MiniALU.v:48$16_Y": {
          "hide_name": 1,
          "bits": [ 18 ],
          "attributes": {
            "src": "MiniALU.v:48.18-48.71"
          }
        },
        "$and$MiniALU.v:48$9_Y": {
          "hide_name": 1,
          "bits": [ 35 ],
          "attributes": {
            "src": "MiniALU.v:48.29-48.40"
          }
        },
        "$not$MiniALU.v:46$4_Y": {
          "hide_name": 1,
          "bits": [ 23 ],
          "attributes": {
            "src": "MiniALU.v:46.22-46.27"
          }
        },
        "$not$MiniALU.v:48$10_Y": {
          "hide_name": 1,
          "bits": [ 28 ],
          "attributes": {
            "src": "MiniALU.v:48.26-48.41"
          }
        },
        "$not$MiniALU.v:48$13_Y": {
          "hide_name": 1,
          "bits": [ 30 ],
          "attributes": {
            "src": "MiniALU.v:48.59-48.64"
          }
        },
        "$not$MiniALU.v:48$15_Y": {
          "hide_name": 1,
          "bits": [ 33 ],
          "attributes": {
            "src": "MiniALU.v:48.56-48.71"
          }
        },
        "$not$MiniALU.v:48$8_Y": {
          "hide_name": 1,
          "bits": [ 34 ],
          "attributes": {
            "src": "MiniALU.v:48.35-48.40"
          }
        },
        "$or$MiniALU.v:41$1_Y": {
          "hide_name": 1,
          "bits": [ 21 ],
          "attributes": {
            "src": "MiniALU.v:41.17-41.24"
          }
        },
        "$or$MiniALU.v:46$7_Y": {
          "hide_name": 1,
          "bits": [ 17 ],
          "attributes": {
            "src": "MiniALU.v:46.21-46.48"
          }
        },
        "$xor$MiniALU.v:48$12_Y": {
          "hide_name": 1,
          "bits": [ 32 ],
          "attributes": {
            "src": "MiniALU.v:48.19-48.52"
          }
        },
        "A0": {
          "hide_name": 0,
          "bits": [ 2 ],
          "attributes": {
            "src": "MiniALU.v:2.9-2.11"
          }
        },
        "A1": {
          "hide_name": 0,
          "bits": [ 3 ],
          "attributes": {
            "src": "MiniALU.v:3.9-3.11"
          }
        },
        "A2": {
          "hide_name": 0,
          "bits": [ 4 ],
          "attributes": {
            "src": "MiniALU.v:4.9-4.11"
          }
        },
        "A3": {
          "hide_name": 0,
          "bits": [ 5 ],
          "attributes": {
            "src": "MiniALU.v:5.9-5.11"
          }
        },
        "B0": {
          "hide_name": 0,
          "bits": [ 7 ],
          "attributes": {
            "src": "MiniALU.v:7.9-7.11"
          }
        },
        "B1": {
          "hide_name": 0,
          "bits": [ 8 ],
          "attributes": {
            "src": "MiniALU.v:8.9-8.11"
          }
        },
        "B2": {
          "hide_name": 0,
          "bits": [ 9 ],
          "attributes": {
            "src": "MiniALU.v:9.9-9.11"
          }
        },
        "B3": {
          "hide_name": 0,
          "bits": [ 10 ],
          "attributes": {
            "src": "MiniALU.v:10.9-10.11"
          }
        },
        "C0": {
          "hide_name": 0,
          "bits": [ 13 ],
          "attributes": {
            "src": "MiniALU.v:13.10-13.12"
          }
        },
        "C1": {
          "hide_name": 0,
          "bits": [ 14 ],
          "attributes": {
            "src": "MiniALU.v:14.10-14.12"
          }
        },
        "C2": {
          "hide_name": 0,
          "bits": [ 15 ],
          "attributes": {
            "src": "MiniALU.v:15.10-15.12"
          }
        },
        "C3": {
          "hide_name": 0,
          "bits": [ 16 ],
          "attributes": {
            "src": "MiniALU.v:16.10-16.12"
          }
        },
        "Cin": {
          "hide_name": 0,
          "bits": [ 12 ],
          "attributes": {
            "src": "MiniALU.v:12.9-12.12"
          }
        },
        "Cout": {
          "hide_name": 0,
          "bits": [ 18 ],
          "attributes": {
            "src": "MiniALU.v:18.10-18.14"
          }
        },
        "SA": {
          "hide_name": 0,
          "bits": [ 6 ],
          "attributes": {
            "src": "MiniALU.v:6.9-6.11"
          }
        },
        "SB": {
          "hide_name": 0,
          "bits": [ 11 ],
          "attributes": {
            "src": "MiniALU.v:11.9-11.11"
          }
        },
        "SC": {
          "hide_name": 0,
          "bits": [ 17 ],
          "attributes": {
            "src": "MiniALU.v:17.10-17.12"
          }
        },
        "SC_temp": {
          "hide_name": 0,
          "bits": [ 17 ],
          "attributes": {
            "src": "MiniALU.v:33.8-33.15"
          }
        },
        "s0": {
          "hide_name": 0,
          "bits": [ 36 ],
          "attributes": {
            "src": "MiniALU.v:20.8-20.10"
          }
        },
        "s1": {
          "hide_name": 0,
          "bits": [ 37 ],
          "attributes": {
            "src": "MiniALU.v:21.8-21.10"
          }
        },
        "s10": {
          "hide_name": 0,
          "bits": [ 46 ],
          "attributes": {
            "src": "MiniALU.v:30.8-30.11"
          }
        },
        "s11": {
          "hide_name": 0,
          "bits": [ 47 ],
          "attributes": {
            "src": "MiniALU.v:31.8-31.11"
          }
        },
        "s12": {
          "hide_name": 0,
          "bits": [ 20 ],
          "attributes": {
            "src": "MiniALU.v:32.8-32.11"
          }
        },
        "s13": {
          "hide_name": 0,
          "bits": [ 21 ],
          "attributes": {
            "src": "MiniALU.v:34.8-34.11"
          }
        },
        "s14": {
          "hide_name": 0,
          "bits": [ 19 ],
          "attributes": {
            "src": "MiniALU.v:35.8-35.11"
          }
        },
        "s15": {
          "hide_name": 0,
          "bits": [ 22 ],
          "attributes": {
            "src": "MiniALU.v:36.8-36.11"
          }
        },
        "s16": {
          "hide_name": 0,
          "bits": [ 26 ],
          "attributes": {
            "src": "MiniALU.v:37.8-37.11"
          }
        },
        "s17": {
          "hide_name": 0,
          "bits": [ 24 ],
          "attributes": {
            "src": "MiniALU.v:38.8-38.11"
          }
        },
        "s2": {
          "hide_name": 0,
          "bits": [ 38 ],
          "attributes": {
            "src": "MiniALU.v:22.8-22.10"
          }
        },
        "s3": {
          "hide_name": 0,
          "bits": [ 39 ],
          "attributes": {
            "src": "MiniALU.v:23.8-23.10"
          }
        },
        "s4": {
          "hide_name": 0,
          "bits": [ 40 ],
          "attributes": {
            "src": "MiniALU.v:24.8-24.10"
          }
        },
        "s5": {
          "hide_name": 0,
          "bits": [ 41 ],
          "attributes": {
            "src": "MiniALU.v:25.8-25.10"
          }
        },
        "s6": {
          "hide_name": 0,
          "bits": [ 42 ],
          "attributes": {
            "src": "MiniALU.v:26.8-26.10"
          }
        },
        "s7": {
          "hide_name": 0,
          "bits": [ 43 ],
          "attributes": {
            "src": "MiniALU.v:27.8-27.10"
          }
        },
        "s8": {
          "hide_name": 0,
          "bits": [ 44 ],
          "attributes": {
            "src": "MiniALU.v:28.8-28.10"
          }
        },
        "s9": {
          "hide_name": 0,
          "bits": [ 45 ],
          "attributes": {
            "src": "MiniALU.v:29.8-29.10"
          }
        }
      }
    },
    "Semisumador": {
      "attributes": {
        "src": "./Semisumador.v:1.1-9.10"
      },
      "ports": {
        "A": {
          "direction": "input",
          "bits": [ 2 ]
        },
        "B": {
          "direction": "input",
          "bits": [ 3 ]
        },
        "Y": {
          "direction": "output",
          "bits": [ 4 ]
        },
        "X": {
          "direction": "output",
          "bits": [ 5 ]
        }
      },
      "cells": {
        "$and$./Semisumador.v:8$19": {
          "hide_name": 1,
          "type": "$and",
          "parameters": {
            "A_SIGNED": "00000000000000000000000000000000",
            "A_WIDTH": "00000000000000000000000000000001",
            "B_SIGNED": "00000000000000000000000000000000",
            "B_WIDTH": "00000000000000000000000000000001",
            "Y_WIDTH": "00000000000000000000000000000001"
          },
          "attributes": {
            "src": "./Semisumador.v:8.15-8.20"
          },
          "port_directions": {
            "A": "input",
            "B": "input",
            "Y": "output"
          },
          "connections": {
            "A": [ 2 ],
            "B": [ 3 ],
            "Y": [ 5 ]
          }
        },
        "$xor$./Semisumador.v:7$18": {
          "hide_name": 1,
          "type": "$xor",
          "parameters": {
            "A_SIGNED": "00000000000000000000000000000000",
            "A_WIDTH": "00000000000000000000000000000001",
            "B_SIGNED": "00000000000000000000000000000000",
            "B_WIDTH": "00000000000000000000000000000001",
            "Y_WIDTH": "00000000000000000000000000000001"
          },
          "attributes": {
            "src": "./Semisumador.v:7.15-7.20"
          },
          "port_directions": {
            "A": "input",
            "B": "input",
            "Y": "output"
          },
          "connections": {
            "A": [ 3 ],
            "B": [ 2 ],
            "Y": [ 4 ]
          }
        }
      },
      "netnames": {
        "$and$./Semisumador.v:8$19_Y": {
          "hide_name": 1,
          "bits": [ 5 ],
          "attributes": {
            "src": "./Semisumador.v:8.15-8.20"
          }
        },
        "$xor$./Semisumador.v:7$18_Y": {
          "hide_name": 1,
          "bits": [ 4 ],
          "attributes": {
            "src": "./Semisumador.v:7.15-7.20"
          }
        },
        "A": {
          "hide_name": 0,
          "bits": [ 2 ],
          "attributes": {
            "src": "./Semisumador.v:2.9-2.10"
          }
        },
        "B": {
          "hide_name": 0,
          "bits": [ 3 ],
          "attributes": {
            "src": "./Semisumador.v:3.9-3.10"
          }
        },
        "X": {
          "hide_name": 0,
          "bits": [ 5 ],
          "attributes": {
            "src": "./Semisumador.v:5.10-5.11"
          }
        },
        "Y": {
          "hide_name": 0,
          "bits": [ 4 ],
          "attributes": {
            "src": "./Semisumador.v:4.10-4.11"
          }
        }
      }
    },
    "Sumador": {
      "attributes": {
        "src": "./Sumador.v:1.1-14.10"
      },
      "ports": {
        "A": {
          "direction": "input",
          "bits": [ 2 ]
        },
        "B": {
          "direction": "input",
          "bits": [ 3 ]
        },
        "CIn": {
          "direction": "input",
          "bits": [ 4 ]
        },
        "COut": {
          "direction": "output",
          "bits": [ 5 ]
        },
        "Sum": {
          "direction": "output",
          "bits": [ 6 ]
        }
      },
      "cells": {
        "$or$./Sumador.v:13$17": {
          "hide_name": 1,
          "type": "$or",
          "parameters": {
            "A_SIGNED": "00000000000000000000000000000000",
            "A_WIDTH": "00000000000000000000000000000001",
            "B_SIGNED": "00000000000000000000000000000000",
            "B_WIDTH": "00000000000000000000000000000001",
            "Y_WIDTH": "00000000000000000000000000000001"
          },
          "attributes": {
            "src": "./Sumador.v:13.18-13.25"
          },
          "port_directions": {
            "A": "input",
            "B": "input",
            "Y": "output"
          },
          "connections": {
            "A": [ 7 ],
            "B": [ 8 ],
            "Y": [ 5 ]
          }
        },
        "Semisumador_0": {
          "hide_name": 0,
          "type": "Semisumador",
          "parameters": {
          },
          "attributes": {
            "module_not_derived": "00000000000000000000000000000001",
            "src": "./Sumador.v:11.15-11.40"
          },
          "port_directions": {
            "A": "input",
            "B": "input",
            "X": "output",
            "Y": "output"
          },
          "connections": {
            "A": [ 2 ],
            "B": [ 3 ],
            "X": [ 8 ],
            "Y": [ 9 ]
          }
        },
        "Semisumador_1": {
          "hide_name": 0,
          "type": "Semisumador",
          "parameters": {
          },
          "attributes": {
            "module_not_derived": "00000000000000000000000000000001",
            "src": "./Sumador.v:12.15-12.44"
          },
          "port_directions": {
            "A": "input",
            "B": "input",
            "X": "output",
            "Y": "output"
          },
          "connections": {
            "A": [ 9 ],
            "B": [ 4 ],
            "X": [ 7 ],
            "Y": [ 6 ]
          }
        }
      },
      "netnames": {
        "$or$./Sumador.v:13$17_Y": {
          "hide_name": 1,
          "bits": [ 5 ],
          "attributes": {
            "src": "./Sumador.v:13.18-13.25"
          }
        },
        "A": {
          "hide_name": 0,
          "bits": [ 2 ],
          "attributes": {
            "src": "./Sumador.v:2.9-2.10"
          }
        },
        "B": {
          "hide_name": 0,
          "bits": [ 3 ],
          "attributes": {
            "src": "./Sumador.v:3.9-3.10"
          }
        },
        "CIn": {
          "hide_name": 0,
          "bits": [ 4 ],
          "attributes": {
            "src": "./Sumador.v:4.9-4.12"
          }
        },
        "COut": {
          "hide_name": 0,
          "bits": [ 5 ],
          "attributes": {
            "src": "./Sumador.v:5.10-5.14"
          }
        },
        "Sum": {
          "hide_name": 0,
          "bits": [ 6 ],
          "attributes": {
            "src": "./Sumador.v:6.10-6.13"
          }
        },
        "s0": {
          "hide_name": 0,
          "bits": [ 9 ],
          "attributes": {
            "src": "./Sumador.v:8.8-8.10"
          }
        },
        "s1": {
          "hide_name": 0,
          "bits": [ 8 ],
          "attributes": {
            "src": "./Sumador.v:9.8-9.10"
          }
        },
        "s2": {
          "hide_name": 0,
          "bits": [ 7 ],
          "attributes": {
            "src": "./Sumador.v:10.8-10.10"
          }
        }
      }
    }
  }
}
